<?xml version="1.0" encoding="UTF-8"?>
<project-private xmlns="http://www.netbeans.org/ns/project-private/1">
    <editor-bookmarks xmlns="http://www.netbeans.org/ns/editor-bookmarks/2" lastBookmarkId="0"/>
    <open-files xmlns="http://www.netbeans.org/ns/projectui-open-files/2">
        <group>
            <file>file:/C:/xampp/htdocs/SiGePex/actions/licencia/obtenerLicenciasEmpleadoAction.php</file>
            <file>file:/C:/xampp/htdocs/SiGePex/js/ajaxEmpleado.js</file>
            <file>file:/C:/xampp/htdocs/SiGePex/js/validacion/utilidades.js</file>
            <file>file:/C:/xampp/htdocs/SiGePex/presentation/empleado/empleadoPresentacion.php</file>
        </group>
    </open-files>
</project-private>
